[{"family":"MaterialIcons","fonts":[{"asset":"fonts/MaterialIcons-Regular.otf"}]},{"family":"Oswald","fonts":[{"asset":"assets/fonts/Oswald-Regular.ttf"}]},{"family":"Jura","fonts":[{"asset":"assets/fonts/Jura-Regular.ttf"}]},{"family":"packages/cupertino_icons/CupertinoIcons","fonts":[{"asset":"packages/cupertino_icons/assets/CupertinoIcons.ttf"}]},{"family":"packages/fluentui_system_icons/FluentSystemIcons-Regular","fonts":[{"asset":"packages/fluentui_system_icons/fonts/FluentSystemIcons-Regular.ttf"}]},{"family":"packages/fluentui_system_icons/FluentSystemIcons-Filled","fonts":[{"asset":"packages/fluentui_system_icons/fonts/FluentSystemIcons-Filled.ttf"}]}]