{"assets/fonts/JetBrainsMono-Regular.ttf":["assets/fonts/JetBrainsMono-Regular.ttf"],"assets/fonts/Ubuntu-Regular.ttf":["assets/fonts/Ubuntu-Regular.ttf"],"assets/sounds/complete.mp3":["assets/sounds/complete.mp3"],"assets/sounds/fail.mp3":["assets/sounds/fail.mp3"],"assets/sounds/success.mp3":["assets/sounds/success.mp3"],"packages/cupertino_icons/assets/CupertinoIcons.ttf":["packages/cupertino_icons/assets/CupertinoIcons.ttf"],"packages/fluentui_system_icons/fonts/FluentSystemIcons-Filled.ttf":["packages/fluentui_system_icons/fonts/FluentSystemIcons-Filled.ttf"],"packages/fluentui_system_icons/fonts/FluentSystemIcons-Regular.ttf":["packages/fluentui_system_icons/fonts/FluentSystemIcons-Regular.ttf"]}