[{"family":"MaterialIcons","fonts":[{"asset":"fonts/MaterialIcons-Regular.otf"}]},{"family":"wdxl","fonts":[{"asset":"assets/fonts/wdxl.ttf"}]},{"family":"FluentSystemIcons-Regular","fonts":[{"asset":"packages/fluentui_system_icons/fonts/FluentSystemIcons-Regular.ttf"}]},{"family":"FluentSystemIcons-Filled","fonts":[{"asset":"packages/fluentui_system_icons/fonts/FluentSystemIcons-Filled.ttf"}]},{"family":"FluentSystemIcons-Light","fonts":[{"asset":"packages/fluentui_system_icons/fonts/FluentSystemIcons-Light.ttf"}]},{"family":"packages/cupertino_icons/CupertinoIcons","fonts":[{"asset":"packages/cupertino_icons/assets/CupertinoIcons.ttf"}]},{"family":"packages/fluentui_system_icons/FluentSystemIcons-Regular","fonts":[{"asset":"packages/fluentui_system_icons/fonts/FluentSystemIcons-Regular.ttf"}]},{"family":"packages/fluentui_system_icons/FluentSystemIcons-Filled","fonts":[{"asset":"packages/fluentui_system_icons/fonts/FluentSystemIcons-Filled.ttf"}]}]