{"assets/fonts/Jost-Regular.ttf":["assets/fonts/Jost-Regular.ttf"],"assets/fonts/Monsterrat-Regular.ttf":["assets/fonts/Monsterrat-Regular.ttf"],"assets/fonts/WinkyRough-Regular.ttf":["assets/fonts/WinkyRough-Regular.ttf"],"packages/cupertino_icons/assets/CupertinoIcons.ttf":["packages/cupertino_icons/assets/CupertinoIcons.ttf"],"packages/syncfusion_flutter_calendar/assets/fonts/Roboto-Medium.ttf":["packages/syncfusion_flutter_calendar/assets/fonts/Roboto-Medium.ttf"],"packages/syncfusion_flutter_calendar/assets/images/May.png":["packages/syncfusion_flutter_calendar/assets/images/May.png"],"packages/syncfusion_flutter_calendar/assets/images/People_Circle11.png":["packages/syncfusion_flutter_calendar/assets/images/People_Circle11.png"],"packages/syncfusion_flutter_calendar/assets/images/People_Circle13.png":["packages/syncfusion_flutter_calendar/assets/images/People_Circle13.png"],"packages/syncfusion_flutter_calendar/assets/images/People_Circle15.png":["packages/syncfusion_flutter_calendar/assets/images/People_Circle15.png"],"packages/syncfusion_flutter_calendar/assets/images/People_Circle18.png":["packages/syncfusion_flutter_calendar/assets/images/People_Circle18.png"],"packages/syncfusion_flutter_calendar/assets/images/People_Circle20.png":["packages/syncfusion_flutter_calendar/assets/images/People_Circle20.png"],"packages/syncfusion_flutter_calendar/assets/images/People_Circle23.png":["packages/syncfusion_flutter_calendar/assets/images/People_Circle23.png"],"packages/syncfusion_flutter_calendar/assets/images/People_Circle24.png":["packages/syncfusion_flutter_calendar/assets/images/People_Circle24.png"],"packages/syncfusion_flutter_calendar/assets/images/People_Circle25.png":["packages/syncfusion_flutter_calendar/assets/images/People_Circle25.png"],"packages/syncfusion_flutter_calendar/assets/images/People_Circle26.png":["packages/syncfusion_flutter_calendar/assets/images/People_Circle26.png"],"packages/syncfusion_flutter_calendar/assets/images/People_Circle27.png":["packages/syncfusion_flutter_calendar/assets/images/People_Circle27.png"],"packages/syncfusion_flutter_calendar/assets/images/People_Circle5.png":["packages/syncfusion_flutter_calendar/assets/images/People_Circle5.png"],"packages/syncfusion_flutter_calendar/assets/images/People_Circle8.png":["packages/syncfusion_flutter_calendar/assets/images/People_Circle8.png"],"packages/syncfusion_flutter_datepicker/assets/fonts/Roboto-Medium.ttf":["packages/syncfusion_flutter_datepicker/assets/fonts/Roboto-Medium.ttf"],"packages/timezone/data/latest_all.tzf":["packages/timezone/data/latest_all.tzf"]}